{
  "Total" : {
    "transaction" : "Total",
    "sampleCount" : 20,
    "errorCount" : 0,
    "errorPct" : 0.0,
    "meanResTime" : 3752.1,
    "medianResTime" : 3180.0,
    "minResTime" : 653.0,
    "maxResTime" : 6236.0,
    "pct1ResTime" : 6228.8,
    "pct2ResTime" : 6235.95,
    "pct3ResTime" : 6236.0,
    "throughput" : 1.5212596029512437,
    "receivedKBytesPerSec" : 1.0947423841941126,
    "sentKBytesPerSec" : 0.5936477903704267
  },
  "POST Sign In" : {
    "transaction" : "POST Sign In",
    "sampleCount" : 20,
    "errorCount" : 0,
    "errorPct" : 0.0,
    "meanResTime" : 3752.1,
    "medianResTime" : 3180.0,
    "minResTime" : 653.0,
    "maxResTime" : 6236.0,
    "pct1ResTime" : 6228.8,
    "pct2ResTime" : 6235.95,
    "pct3ResTime" : 6236.0,
    "throughput" : 1.5212596029512437,
    "receivedKBytesPerSec" : 1.0947423841941126,
    "sentKBytesPerSec" : 0.5936477903704267
  }
}